,"('Sample1', 'CD4')","('Sample2', 'CD4')","('Sample3', 'CD4')","('Sample4', 'CD4')","('Sample5', 'CD8')","('Sample6', 'CD4')","('Sample6', 'CD8')"
Gene_1,ARMH1,CCL5,NOSIP,TCF7,MAL,GSTM2,KLRC1
Gene_2,CCR7,NKG7,IL7R,PLAC8,TRG-AS1,CD7,XCL1
Gene_3,MT-CO3,PECAM1,SP140,SPINT2,CD44,CCL5,AHNAK
Gene_4,NCF4,BEX3,LEF1,CD7,LAG3,IFITM2,RAMP1
Gene_5,IFITM2,ENPP3,CXCR6,LEF1,LITAF,PLAAT3,CD8B
Gene_6,CD7,SIRPG,CD5,RPS4X,KLRB1,S100A6,ITGB1
Gene_7,IL32,FXYD5,AQP3,GSTM2,RPS2,IL32,AC069277.1
Gene_8,CCL5,SPINT2,CD7,FTL,FCER1G,HLA-A,COL6A2
Gene_9,IFITM1,CST7,RPL18A,SPOCK2,RPL41,ZEB2,CST7
Gene_10,FYB1,NELL2,BST2,SIRPG,NELL2,MAL,TESC
Gene_11,RPLP0,EOMES,GSTM2,CD6,ENTPD1,S100A4,ITM2C
Gene_12,MT-ND2,TRG-AS1,CRIP1,CCL5,RPL10,ANXA1,SP140
Gene_13,CD5,HOPX,RPS7,FTH1,IL9R,NME2,TOX
Gene_14,MT-CYB,PRF1,RPL5,MT-CO3,CD81,LINC01943,KRT7
Gene_15,TCF7,GSTM2,HLA-DRB1,LGALS1,MMP25,SESN3,ERVMER61-1
Gene_16,JUN,CDKN2A,IFITM2,GZMA,CXCR3,RPS16,TNFSF10
Gene_17,RPS2,C1orf162,RPLP0,MT-CO1,NPDC1,ARG2,LAT2
Gene_18,MT-ATP8,IFITM1,HLA-DPA1,PECAM1,NKG7,ITM2C,CTSW
Gene_19,EGR1,CD52,CD6,NKG7,UBA52,EEF1A1,ARL4C
Gene_20,LEF1,OGT,TSHZ2,CD5,ZDHHC14,RPS12,HLA-DPA1
Gene_21,RPSA,AOAH,RPS16,C1orf162,HAVCR2,RPL10A,KLRC2
Gene_22,MT-ND1,HCST,CD247,FCER1G,HOXB2,EEF1B2,LIME1
Gene_23,RPS18,GNLY,LINC02315,GBP5,RPS21,GPR15,PCED1B-AS1
Gene_24,MT-ATP6,MT-CO1,B2M,AIF1,BST2,B2M,LGALS1
Gene_25,CD6,CRIP1,RPL13,AHNAK,RPS19,SPOCK2,CD81
Gene_26,TXNIP,IL9R,HAVCR2,IL7R,PDE6G,RPS8,LINC01684
Gene_27,CCR3,BHLHE40-AS1,IL32,BEX3,GLIPR1,HLA-B,LYAR
Gene_28,RPS6,LAIR2,SESN3,ARMH1,RPL28,IL7R,IL9R
Gene_29,RPL18A,NUCB2,RPL15,HOPX,PRKAR1B,LYST,GPR171
Gene_30,MALAT1,ITM2A,RPL6,LRRN3,RPS28,RPS2,RBPJ
Gene_31,RPL10A,PLEK,RPL4,EEF1A1,AFDN,RPL12,AOAH
Gene_32,NOSIP,MT2A,IFITM1,PDE4D,RPL18,JAML,HLA-A
Gene_33,MT-CO2,GZMK,BEX3,B2M,RPS29,AOAH,IL32
Gene_34,CYSLTR1,DUSP1,RPS6,FYB1,,PLIN2,HOPX
Gene_35,RAB34,PDE7B,COTL1,RPLP0,,RPL13,NME2
Gene_36,RPS5,JUNB,GBP5,RPS2,,MZB1,GAPDH
Gene_37,MT-CO1,FTH1,GZMA,SH3BGRL3,,EEF2,HSPB1
Gene_38,RPS23,CTSW,RPS5,PASK,,RPL3,FXYD5
Gene_39,PASK,RPS4X,RPLP1,RRS1,,KLK1,MAP3K8
Gene_40,SESN3,ALOX5AP,ADGRE1,IL9R,,RPS24,PTPN7
Gene_41,CD9,RPL18A,C5orf17,LINC02694,,NKG7,ATP8B4
Gene_42,RPL19,CDCP1,CCL5,CD27,,FKBP11,SIRPG
Gene_43,IL7R,TCF7,PTPRCAP,RPL13,,RPL6,CHD7
Gene_44,TBXAS1,BID,HLA-DQB1,CD84,,IL2RA,NME1
Gene_45,MT-ND4L,RPS18,RPS2,RPS8,,RPL17,CARS
Gene_46,GSTM2,CD27,HOXB2,HLA-DPA1,,EOMES,MATK
Gene_47,RPL5,IFITM2,RPS4X,JAK2,,EGR1,LINC02694
Gene_48,AQP3,RPS2,PDE7B,CD74,,RPL4,ITGAX
Gene_49,MT-ND4,RESF1,RPSA,GPR15,,PLAAT4,TNFRSF18
Gene_50,GAS5,SH3BGRL3,EEF2,RPS23,,LHFPL6,
Gene_51,HAVCR2,IKZF3,RPS8,MAL,,UQCRB,
Gene_52,RPL32,KRAS,RPL29,HCST,,LTB,
Gene_53,RACK1,PASK,LINC01943,PYHIN1,,RPLP0,
Gene_54,RPS7,RPS19,RPS17,RPL18A,,TSC22D3,
Gene_55,RPL13,ARAP2,HLA-DPB1,CD52,,SH2D1B,
Gene_56,NKG7,RAMP1,ZP3,IFITM1,,LY6E,
Gene_57,S100A4,EPAS1,TCF7,SLC25A6,,GLIPR1,
Gene_58,MT-ND3,SELPLG,RPL10A,MALAT1,,RPL36A,
Gene_59,COTL1,B2M,RPL37A,MT2A,,GAS5,
Gene_60,EEF1G,PSTPIP2,ITM2A,RPS12,,PDE6G,
Gene_61,RPS8,FOS,PRF1,IFITM2,,MAF,
Gene_62,FTH1,RPL32,MAL,LINC01871,,RPL15,
Gene_63,SPINT2,RPL19,CCL4,KRT1,,PLPP1,
Gene_64,LGALS3BP,SORL1,RPL37,MAF,,LIMA1,
Gene_65,CD27,SATB1,TPT1,AOAH,,SNED1,
Gene_66,RPS4X,RUNX1,RACK1,RPS18,,RAMP1,
Gene_67,RPL7,LYST,PDE4D,CCR3,,PALLD,
Gene_68,EEF1B2,CCDC50,RPS3A,RPSA,,RNF130,
Gene_69,GZMA,C1orf21,SLC25A6,CRIP1,,FOXP3,
Gene_70,RPS3A,IKZF2,RPS18,RPL18,,SH3BGRL3,
Gene_71,RPS21,RPL28,MALAT1,MT-CYB,,IER2,
Gene_72,GNLY,TIMP1,NFKBIA,HLA-DPB1,,RPS6,
Gene_73,RPL14,JUN,LAG3,RPS5,,RPS5,
Gene_74,SP140,IER2,GBP4,GNLY,,FTH1,
Gene_75,RPL6,PTMA,HLA-DRA,CACNA2D4,,PTPRC,
Gene_76,DDIT4,NCF4,GBP2,PDE7B,,CD82,
Gene_77,RPL29,LY6E,BTF3,GZMM,,RPL7A,
Gene_78,ENPP3,GAB3,RPS13,PRF1,,DPP4,
Gene_79,BTF3,RNF125,RPS12,LIME1,,RPL13A,
Gene_80,RPL37,CYTOR,RPL13A,CXCR6,,MYO1D,
Gene_81,RPS16,RPS21,IL9R,RPL19,,CNIH1,
Gene_82,RPL4,TKT,TMEM123,RACK1,,CAPG,
Gene_83,PHLDA1,TNFRSF4,ITM2C,OGT,,CD40LG,
Gene_84,IER2,RCBTB2,FLOT1,FLNA,,DOCK5,
Gene_85,PLAAT3,TPM4,ACTG1,ZEB2,,RUNX1,
Gene_86,RPS3,MT-CO3,ANTXR2,JAML,,MYL6,
Gene_87,RPL37A,RPS23,GATA3,NCF4,,RAB6B,
Gene_88,CISH,ID2,THEMIS,RPS24,,ANXA5,
Gene_89,RPS13,CCR3,GAS5,RPL7A,,RPS7,
Gene_90,RPL15,CD6,RPS21,CYSLTR1,,EIF4A1,
Gene_91,EEF2,IL2RA,RPS15A,ISG20,,CD27,
Gene_92,RPL8,KRT1,RPL18,IL32,,RPS23,
Gene_93,RPL17,RPLP2,GIMAP4,TIMP1,,AHI1,
Gene_94,JUNB,S100A11,SH3BGRL3,SELL,,LINC00271,
Gene_95,BTG2,EMP3,RPL12,ID2,,COL6A2,
Gene_96,PRF1,MT1F,PABPC1,MT-CO2,,MYO1E,
Gene_97,LIME1,JAK2,RPL17,SESN3,,SLC25A6,
Gene_98,CCR2,IL4R,HLA-DQA1,RPL10A,,LGMN,
Gene_99,RPL7A,RPS15A,CD59,RPL32,,AC108134.3,
Gene_100,TEX14,LINC01871,RPL23A,LAG3,,LGALS1,
Gene_101,RPL36A,HMGB1,FTH1,RPS3,,RPL5,
Gene_102,GZMK,LTB,HLA-C,S100A6,,NCF4,
Gene_103,ALOX5AP,GAS5,RPL28,TSHZ2,,PPARG,
Gene_104,RPL26,CYSLTR1,MAP3K1,TNFRSF4,,RORA,
Gene_105,NME2,ABTB2,RPL32,RPS6,,NAALADL1,
Gene_106,MZB1,GPR15,CLDND1,P2RY8,,ASB2,
Gene_107,ID2,TNFRSF11A,FP236383.3,COTL1,,GPR55,
Gene_108,RPS14,MYO1E,RPL7,FRY,,TKT,
Gene_109,FTL,PIM1,SOX4,RPL3,,AC017002.3,
Gene_110,RPS12,LRRC32,EEF1A1,RPS14,,CD3D,
Gene_111,AFDN,HOMER2,TOX,GPR55,,GPR171,
Gene_112,EEF1A1,FOXP1,RCAN3,PLPP1,,CST7,
Gene_113,IL2RA,FILIP1L,RPL23,HSD17B10,,MYC,
Gene_114,HOPX,NRIP3,RPS19,FXYD5,,SMCO4,
Gene_115,HMGA1,GIMAP7,IL6ST,CORO1B,,ZFP36L2,
Gene_116,CD59,SASH1,RPL22,RPS13,,IL12RB2,
Gene_117,RPL13A,MYL6,LYST,CST7,,IGLON5,
Gene_118,RPL28,IL32,HLA-A,PLAAT4,,TTC39C,
Gene_119,BEX3,MAL,EEF1G,ACTG1,,PRF1,
Gene_120,C1orf162,IDH2,NDUFA12,EEF1B2,,SOS1,
Gene_121,SOS1,KLF2,RPS20,CAMK4,,CYBA,
Gene_122,TIAM1,CD74,VAMP5,CAPG,,CD52,
Gene_123,LSP1,RACK1,HLA-DRB5,SEMA5A,,PDE3B,
Gene_124,RPL27A,RAB34,FNDC3B,RPS15A,,SRM,
Gene_125,SLC25A5,TXNIP,TXNIP,MEAK7,,SYNGR2,
Gene_126,LDHB,SPOCK2,SELL,FLOT1,,SERPINB1,
Gene_127,RPL24,AC007384.1,LIME1,GAPDH,,ACTN1,
Gene_128,TMIGD2,GZMB,SNED1,RPL10,,LINC02694,
Gene_129,RPS9,CD9,PPP2R5C,RESF1,,LGALS3BP,
Gene_130,RPS20,CXCR4,RPL36A,RPL8,,ACTB,
Gene_131,TRG-AS1,ITGAX,PHLDA1,CD99,,PIM1,
Gene_132,PDE4B,GZMM,EIF3L,MMP25,,AP000787.1,
Gene_133,RPL23A,RPL13,BHLHE40,RPL28,,JUNB,
Gene_134,CLDND1,SYNGR2,EEF1B2,HLA-DRA,,TXNIP,
Gene_135,IL9R,RPS5,HLA-B,SNHG29,,CACNA2D4,
Gene_136,HLA-DPA1,RPL29,FKBP2,RPL29,,EVA1B,
Gene_137,MT-ND5,HLA-DMA,RPL19,LINC00271,,RNF125,
Gene_138,CDKN2A,RPL12,NR3C1,ITM2C,,C12orf75,
Gene_139,PPIA,SNED1,S1PR1,RPLP1,,LPCAT3,
Gene_140,FLOT1,IMMT,ITGB1,SAMD3,,CRIP1,
Gene_141,PDE7B,AIF1,RPL34,RPL4,,TESC,
Gene_142,GLIPR1,NDFIP2,ACTB,GAS5,,PLEKHA5,
Gene_143,RPL3,CXCR6,NPM1,CTSW,,RNF17,
Gene_144,SRGN,CD5,ANK3,S100A10,,RPL23A,
Gene_145,ACTG1,TNFSF11,SNHG29,RPS16,,LINC02341,
Gene_146,FBL,LINC01138,RIPOR2,RPS3A,,ETFB,
Gene_147,MYL6,RPL35,PTMS,ANXA2,,RPL10,
Gene_148,SNHG29,GADD45G,LITAF,TC2N,,TNFAIP3,
Gene_149,RPL35A,EIF1,RPL8,SLC25A5,,NME1,
Gene_150,NACA,NPDC1,TMEM258,LAPTM5,,EPAS1,
Gene_151,ATP8B4,AGAP9,RUNX1,ARAP2,,LINC01871,
Gene_152,MGST3,RHOC,LTB,NELL2,,MIF,
Gene_153,RPL18,RPS15,S100A4,NME2,,SORL1,
Gene_154,CAPG,LGALS3BP,IL2RA,MYL6,,GSTM4,
Gene_155,LPAR5,ARHGDIB,ERP29,RPLP2,,AHNAK,
Gene_156,PPA1,RPS14,COL9A2,ASB2,,PTPRK,
Gene_157,PDE4D,RGS10,RPL26,GIMAP4,,PERP,
Gene_158,LGALS9,IL12RB2,ZDHHC14,RPL5,,HLA-C,
Gene_159,AIF1,PPFIBP1,PTPN6,AQP3,,RPS25,
Gene_160,UBC,GBP5,GLIPR2,RPL36A,,RGS10,
Gene_161,ISG15,RPL31,RPS14,RPS27A,,TEX14,
Gene_162,RPS24,B3GNT5,RPS23,IKZF3,,PRKCA,
Gene_163,MXRA8,RPS12,CD52,LTB,,PFDN5,
Gene_164,BST2,RANBP9,STAT1,APP,,RPL18,
Gene_165,CCR4,TNFSF10,MYC,RPL36AL,,TNFSF11,
Gene_166,EIF3L,NMT2,CTSD,ERI1,,SPINT2,
Gene_167,IL12RB2,LINC01684,LINC00649,MAP3K1,,C1QBP,
Gene_168,HCST,TMEM173,MCUB,RPL12,,AL691403.1,
Gene_169,ERP29,MT1E,GPR171,TNFRSF18,,MAGI1,
Gene_170,CD82,DDIT4,SLC25A5,GZMK,,YPEL1,
Gene_171,RPS15A,GSTK1,ASAP1,RPL37A,,CCNI,
Gene_172,C1QBP,GALT,RPL36,EOMES,,NT5DC2,
Gene_173,CD48,PRKCB,RPL7A,MAP3K5,,LBH,
Gene_174,DOCK8,CAMK4,NACA,MT-ND1,,HSP90AB1,
Gene_175,RPL22,FCER1G,PFN1,HLA-A,,RSL1D1,
Gene_176,RPL31,SERPINB9,RPS25,CCDC50,,GABARAP,
Gene_177,B2M,GLB1,RPS9,SOS1,,HLA-DRA,
Gene_178,TSPYL2,SEPTIN11,ITGB7,PLAAT3,,RHOC,
Gene_179,FOS,CD99,VIM,ITGA4,,MXRA8,
Gene_180,CD3G,PLAAT3,PVT1,RUNX1,,TSHZ2,
Gene_181,RPL35,PARVG,RPL11,RPS21,,RASAL3,
Gene_182,RPL12,RPL39,PLSCR1,GSTP1,,RHBDD2,
Gene_183,ZFAS1,RPS24,RPL14,MIR4435-2HG,,ATP5MC2,
Gene_184,RPL21,OR3A2,FAAH2,RPL6,,CD79B,
Gene_185,RPS15,RBPJ,GSTK1,S100A4,,OSTC,
Gene_186,RPL27,AL138828.1,SAMSN1,EEF1G,,LAPTM5,
Gene_187,ATP5PB,RPL6,EIF3E,AL138828.1,,EXOSC5,
Gene_188,CST7,SNTB1,CYSLTR1,CD3G,,PPM1L,
Gene_189,FP236383.3,FAM120A,TDRD12,C1QBP,,ENO1,
Gene_190,GPR15,ZFPM1,RPL39,CD59,,IRX3,
Gene_191,S100A10,RAB27B,PLAC8,EMP3,,CISH,
Gene_192,RPS6KA5,HAVCR2,ISG15,DPP4,,CSGALNACT1,
Gene_193,RPLP2,MT-CYB,MIR4435-2HG,NUCB2,,CLSTN3,
Gene_194,ANP32B,MED23,FMNL2,RPS15,,PKM,
Gene_195,AL391056.1,RGS2,DOCK8,AC108134.3,,RPS27A,
Gene_196,RPS17,CYBA,PCED1B-AS1,GPR183,,RPS17,
Gene_197,TNFRSF4,DBNL,AC108134.3,ATF5,,NOSIP,
Gene_198,LINC00910,OCIAD2,ATP8B4,RAMP1,,PHTF2,
Gene_199,RIPOR2,ACVR2A,DAD1,SEPTIN6,,CREB3L3,
Gene_200,CRBN,PAX8-AS1,ZBP1,ANXA1,,RAC2,
Gene_201,CXCR6,GAB2,RPL24,IL2RG,,RPL28,
Gene_202,RAMP1,CCR2,ETV6,GADD45G,,CAPS2,
Gene_203,CREM,TNFRSF18,RPS11,RPS7,,AL606807.1,
Gene_204,PABPC1,TRPC4AP,NCALD,ANXA5,,MAPK1,
Gene_205,BCL2,GLIPR1,ASB2,TENT5C,,FAR2,
Gene_206,HLA-DRA,LEF1,PLCL2,LGALS9,,CD68,
Gene_207,CTSW,RPLP0,CNN2,CD3E,,CKAP4,
Gene_208,S1PR1,DZIP3,FBLN7,NDFIP2,,HCST,
Gene_209,ADD3,ZEB1,CCR8,RPL15,,NCALD,
Gene_210,IL4R,HSBP1L1,LINC00470,HLA-DRB5,,SKAP2,
Gene_211,SIT1,NDFIP1,ARID5B,RPL11,,LUCAT1,
Gene_212,RPS11,BEX4,CALM1,LINC01943,,TPT1,
Gene_213,LAG3,RASGRF2,NOP53,RPL26,,RPL37A,
Gene_214,SOCS2,CLDND1,RPL21,ITM2A,,SNHG16,
Gene_215,CCR5,SERPINB1,SUB1,TOX,,NFKB1,
Gene_216,UPP1,CD59,LINC00271,PFN1,,SATB1,
Gene_217,CTSD,IL3RA,ITGAX,IFI44L,,SSR3,
Gene_218,TPT1,TBL1X,C4orf48,ST8SIA6,,SPIRE1,
Gene_219,DENND2D,USP28,AC009315.1,INPP4B,,SYTL3,
Gene_220,ACTB,PIN4,RPS3,CFL1,,SELL,
Gene_221,CFAP36,REEP3,AP000787.1,ADGRE1,,RBPJ,
Gene_222,LRRN3,PHLDA1,HMGA1,LYST,,YPEL3,
Gene_223,TDRD12,LINC01943,KLF2,RPS25,,NDFIP2,
Gene_224,SLC25A6,PLCL1,ATP5PB,CD38,,CD9,
Gene_225,NAP1L1,ARL6IP5,BTLA,EEF2,,ITM2B,
Gene_226,PLAC8,AC119396.1,S100A10,ACTB,,SNHG29,
Gene_227,CRTAP,PIK3IP1,UBA52,FAM117B,,SEL1L3,
Gene_228,TIMP1,RETREG1,AL391056.1,CSF2,,ZYX,
Gene_229,KRT1,ARHGEF12,USP46,ARL4C,,PYHIN1,
Gene_230,CNIH1,RPL11,SNHG8,HLA-DRB1,,RPSA,
Gene_231,GADD45G,GPR183,KLF12,HOMER2,,TBCD,
Gene_232,DUSP2,SOX4,CYTOR,RPS9,,DYNLL1,
Gene_233,OAZ1,MT-ND1,ATXN1,RPL34,,SMAD2,
Gene_234,YBX1,CMTM7,SFMBT2,TPT1,,RPL27,
Gene_235,HLA-A,HSPA8,ZEB2,HSP90AB1,,LITAF,
Gene_236,AOAH,TTC28,CHD7,PHACTR2,,RPS21,
Gene_237,SNRPF,KLF13,OGT,MIF,,CLINT1,
Gene_238,PCTP,FYB1,BTG1,GYPC,,ATP5MC3,
Gene_239,TMEM258,NSMCE1,PFKL,S100A11,,GPR183,
Gene_240,EIF3M,TOP1,DDIT4,STT3B,,COL9A2,
Gene_241,RPS27A,AKT3,NAALADL1,VIM,,CD3G,
Gene_242,ERI1,S100A10,PPDPF,PRKX,,FLNB,
Gene_243,CORO1B,SYTL2,PTPRM,TMEM158,,HERPUD1,
Gene_244,IDH2,COTL1,MYL6,PTPRN2,,GMFG,
Gene_245,MT-ND6,CD3E,AC022182.1,LDOC1,,PTPRM,
Gene_246,FRY,ANK3,AC119396.1,NSMCE1-DT,,IFITM1,
Gene_247,CSF2,PRKCA,LMO4,BCL2A1,,SLFN5,
Gene_248,EOMES,DNM1L,RBPJ,WNT5B,,APMAP,
Gene_249,SIRPG,JAKMIP2,PASK,NCALD,,CD200R1,
Gene_250,PHB2,KLHL42,CD2,ITM2B,,IL10RA,
Gene_251,GZMM,ATP5MC2,LIMS1,MT1F,,PPP1R10,
Gene_252,TNIK,RPL22,PLP2,RPL22,,CAPZB,
Gene_253,PPP1R10,YWHAB,C1orf162,CTSD,,CD226,
Gene_254,TMSB4X,TSC22D3,AL138828.1,CLDND1,,DCXR,
Gene_255,SNHG7,PMS1,EPHA4,PRKCB,,GAPDH,
Gene_256,MIR4435-2HG,JAML,SEPTIN9,DENND2D,,PPIA,
Gene_257,PPDPF,ZEB2,HYI,RPL35A,,LRRN3,
Gene_258,ATP5MC2,PYHIN1,BCL2L11,RGS9,,TMEM204,
Gene_259,SMIM26,YPEL1,ACE,PYCARD,,NEK1,
Gene_260,RPS25,EPSTI1,ABCD2,MRPL14,,LZTFL1,
Gene_261,HLA-DRB1,INPP4B,TRERF1,ADA,,RPL23,
Gene_262,PIM1,ARHGEF3,ATAD3C,IL16,,DUSP2,
Gene_263,RPL30,NCR3,YWHAQ,RPS17,,PGK1,
Gene_264,ITM2A,LAT,GNLY,CCR2,,ENPP3,
Gene_265,SSR4,CLIC1,GAB2,PPIA,,HSPD1,
Gene_266,CRIP1,PHACTR2,BEX4,MZB1,,MECP2,
Gene_267,DUSP1,MMP25,GGA1,ENTPD1,,PRMT1,
Gene_268,SNX9,CORO1B,C1QBP,OAZ1,,TTC28,
Gene_269,RPS29,HYI,LRRN3,KLF6,,LINC00910,
Gene_270,ITM2B,NFAT5,TXK,AL606807.1,,ETS2,
Gene_271,DBNDD2,ERN1,EIF4A1,ISG15,,SGMS1,
Gene_272,GIMAP4,RPL18,RHBDD2,CEBPD,,STT3B,
Gene_273,RPL11,HLA-B,RPL36AL,RPL7,,CHCHD10,
Gene_274,KLF12,DENND2D,RESF1,ACTN1,,SAMHD1,
Gene_275,CXCR3,RPS13,CCR4,EPAS1,,TRG-AS1,
Gene_276,PDIA3,SCML4,GOLGA7,EIF2S3,,SNAP47,
Gene_277,XBP1,SIT1,SEC61B,C12orf57,,CENPM,
Gene_278,AC011476.3,THEM4,CD48,RPL23A,,SOCS1,
Gene_279,MAP1LC3A,CDKN1B,NAP1L1,SELPLG,,AC068756.1,
Gene_280,EIF3H,PIM2,MEGF9,RPL14,,ICOS,
Gene_281,OST4,MBOAT7,TTC39C,MT-ND3,,ZBTB16,
Gene_282,H3F3B,RPS3,PSTPIP2,PCED1B-AS1,,HLA-DPA1,
Gene_283,EIF3F,JUND,HLA-DMA,CDKN2A,,NCL,
Gene_284,RPL36,RPS9,EVI2B,TSTD1,,PRKCQ,
Gene_285,SYPL1,RPL10,RGS10,SH2D1A,,PDIA3,
Gene_286,RPL23,,MPRIP,RPL9,,PTPN6,
Gene_287,FKBP5,,LY9,C12orf75,,HIST1H2BK,
Gene_288,GLCCI1,,MT-CO1,RPL37,,RPL19,
Gene_289,CD84,,CD82,MT-ATP8,,HYOU1,
Gene_290,RPL9,,C9orf40,LINC02245,,HNRNPDL,
Gene_291,TMEM273,,APRT,GZMH,,RAB3GAP1,
Gene_292,S1PR4,,PRCP,NPM1,,UBB,
Gene_293,EVI2B,,FKBP5,CD81,,LYN,
Gene_294,GAPDH,,NME2,RPL13A,,IFI27L2,
Gene_295,VIM,,TGFBR3L,ARL6IP5,,EVI2B,
Gene_296,SAMSN1,,HLA-E,CSF1,,MICU3,
Gene_297,PTDSS1,,HSPB1,FKBP11,,SEC11C,
Gene_298,CCDC200,,CXCR4,RPL24,,FILIP1L,
Gene_299,PPP1CC,,FOXP1,CCDC7,,TRPC4AP,
Gene_300,TP63,,CD44,DBNDD2,,TXN,
Gene_301,PRELID1,,SEPTIN1,APOBEC3G,,ABRACL,
Gene_302,CNN2,,CENPM,MFHAS1,,TTN-AS1,
Gene_303,PLSCR1,,LEPROTL1,KRAS,,NUDT5,
Gene_304,HOMER2,,GPR183,RPL30,,ARHGDIB,
Gene_305,UBE2F,,TMEM238,CALM1,,NUCB2,
Gene_306,TSHZ2,,BEX2,CTSC,,RGL4,
Gene_307,RSL24D1,,H3F3B,TNFRSF1B,,FKBP2,
Gene_308,CLECL1,,CYBA,CHST11,,PNRC1,
Gene_309,SUB1,,IL12RB2,RAB27B,,FAM135A,
Gene_310,GPR183,,CBLL1,MAP3K13,,PIM2,
Gene_311,MYO1E,,TMED9,HLA-B,,MAP3K5,
Gene_312,TMEM123,,PPIB,IDH2,,CALR,
Gene_313,LINC00861,,CYTH1,ITGAX,,HSPE1,
Gene_314,RGS10,,PDIA3,PPP1R12A,,SLC9A9,
Gene_315,PTPN6,,FYB1,CD44,,PABPC1,
Gene_316,CD3E,,SPOCK2,UTRN,,CD81,
Gene_317,GYPC,,ABLIM1,RPL27,,HLA-DPB1,
Gene_318,CLIC3,,TNFRSF1B,FKBP5,,HOMER2,
Gene_319,RETREG1,,ITGB2,AC007384.1,,PEBP1,
Gene_320,LITAF,,TIMP1,IL6ST,,GIMAP1,
Gene_321,FLT3LG,,RPL30,PEBP1,,UBASH3B,
Gene_322,NOB1,,FAM102A,GGT1.1,,RPL32,
Gene_323,GTSF1,,RBMS1,FAM106A,,PTCH2,
Gene_324,,,EIF3F,TBC1D4,,EIF3L,
Gene_325,,,IFI30,SLC25A37,,ATP5MG,
Gene_326,,,PYHIN1,DDIT4,,VIM,
Gene_327,,,SERPINB1,RPS28,,TBC1D19,
Gene_328,,,RNASE6,LGALS3BP,,ABI1,
Gene_329,,,TIAM1,SUB1,,AL391056.1,
Gene_330,,,APBB1IP,TRERF1,,PDCD4,
Gene_331,,,FGFBP2,LIMS1,,PPP1R14B,
Gene_332,,,PLSCR3,ENPP3,,CREG1,
Gene_333,,,EIF1,PABPC1,,HSPA1B,
Gene_334,,,KIF21A,LSP1,,ATP5F1E,
Gene_335,,,C16orf74,NSMCE1,,HLA-DQA1,
Gene_336,,,RRAS2,ARHGEF12,,SNHG15,
Gene_337,,,TNFSF8,PSMB9,,RPS13,
Gene_338,,,CD38,DOK2,,ANXA2,
Gene_339,,,COX5A,APEX1,,EIF1,
Gene_340,,,S100A11,CLIC1,,RPL8,
Gene_341,,,NCF4,XIST,,IFI16,
Gene_342,,,RPL10,PLEKHO1,,TSEN54,
Gene_343,,,STAT4,CXCR4,,SH3BP5,
Gene_344,,,SMARCA2,CYTIP,,HM13,
Gene_345,,,ICAM2,CREG1,,YWHAZ,
Gene_346,,,EIF3H,ADSL,,AFDN,
Gene_347,,,TKT,HYI,,NT5DC1,
Gene_348,,,DSTN,MBNL1,,PGD,
Gene_349,,,RPL3,UBE2F,,PAICS,
Gene_350,,,TESPA1,RPL39,,DOCK10,
Gene_351,,,ADD3,BIN2,,AFG3L2,
Gene_352,,,PCED1B,KCNQ5,,ID2,
Gene_353,,,ABI3,ETHE1,,CD164,
Gene_354,,,PLEKHA7,CD96,,SEPTIN9,
Gene_355,,,TP63,TXNIP,,CD3E,
Gene_356,,,MCRIP2,MARCKSL1,,TMSB10,
Gene_357,,,IGFBP4,REL,,CASS4,
Gene_358,,,FLT3LG,IL2RA,,RPS18,
Gene_359,,,YBX1,RIPOR2,,GLCCI1,
Gene_360,,,MRPL10,EIF3L,,NAP1L4,
Gene_361,,,SSR4,ICOS,,DNPH1,
Gene_362,,,CAPG,TMX4,,M6PR,
Gene_363,,,GPR15,GAB3,,ITGA4,
Gene_364,,,RABGAP1L,MYO1E,,ATIC,
Gene_365,,,PHB2,NFAT5,,FYB1,
Gene_366,,,ENPP3,AFDN,,WDR74,
Gene_367,,,EIF4E3,SYTL2,,TOMM7,
Gene_368,,,ANXA2,SP140,,MYL6B,
Gene_369,,,SAMHD1,UQCRH,,RPS3A,
Gene_370,,,ICOS,RPS27,,RBM3,
Gene_371,,,BLVRA,LITAF,,DNASE1L1,
Gene_372,,,HMGN3,PAX8-AS1,,LPAR5,
Gene_373,,,FOXN3,GSTK1,,FGFR1OP2,
Gene_374,,,OST4,ATP5PB,,NANS,
Gene_375,,,ICAM3,MED15,,GFPT2,
Gene_376,,,MYL12A,TLE5,,GGA1,
Gene_377,,,ERN1,GZMB,,GIMAP2,
Gene_378,,,IL10RA,TNFSF10,,SLC2A3,
Gene_379,,,MYADM,SLC37A3,,SMARCA2,
Gene_380,,,TMEM116,UCP2,,Z93241.1,
Gene_381,,,MFSD10,MGST3,,BEX3,
Gene_382,,,MCTP2,TNIK,,IL9R,
Gene_383,,,GSTP1,IDI1,,TSPYL2,
Gene_384,,,RPL9,YPEL3,,CKB,
Gene_385,,,RPS28,CDC14B,,PPP1CA,
Gene_386,,,GPRIN3,CD200R1,,PTGDR2,
Gene_387,,,,PHTF2,,ENTPD1,
Gene_388,,,,PPDPF,,UBE2F,
Gene_389,,,,TSPAN18,,RPL21,
Gene_390,,,,LINC01934,,PSMB9,
Gene_391,,,,EIF3F,,IMPDH2,
Gene_392,,,,EVL,,CD70,
Gene_393,,,,SRGN,,OFD1,
Gene_394,,,,MYL12A,,SCPEP1,
Gene_395,,,,SNHG32,,NFKBIZ,
Gene_396,,,,ZFAS1,,ATP6V0E1,
Gene_397,,,,TSPAN32,,NDUFAF3,
Gene_398,,,,DISC1,,ACTG1,
Gene_399,,,,HMGB2,,HNRNPA1,
Gene_400,,,,TRG-AS1,,COX5B,
Gene_401,,,,TSPO,,RPS6KA5,
Gene_402,,,,BTF3,,GATA3,
Gene_403,,,,VAMP5,,CDK2AP2,
Gene_404,,,,SPTBN1,,PSTPIP2,
Gene_405,,,,AC139720.1,,TMEM219,
Gene_406,,,,PTMS,,BLOC1S1,
Gene_407,,,,AC017002.3,,ZNF626,
Gene_408,,,,NOP53,,FHL3,
Gene_409,,,,DOCK8,,TNFSF14,
Gene_410,,,,SPINK2,,PPIB,
Gene_411,,,,JUNB,,SLC25A5,
Gene_412,,,,TMEM258,,SNHG6,
Gene_413,,,,S1PR1,,TMEM156,
Gene_414,,,,RPL23,,RGCC,
Gene_415,,,,APRT,,AC004448.2,
Gene_416,,,,FBL,,RPL39,
Gene_417,,,,HIPK2,,CTSB,
Gene_418,,,,CNN2,,ABI3,
Gene_419,,,,PTP4A3,,RESF1,
Gene_420,,,,SEPTIN11,,XYLT1,
Gene_421,,,,C5orf56,,MYADM,
Gene_422,,,,CD2,,PIN4,
Gene_423,,,,RPL27A,,MYEF2,
Gene_424,,,,SOCS1,,CASTOR1,
Gene_425,,,,FAM3C,,MANF,
Gene_426,,,,PLIN2,,HSP90B1,
Gene_427,,,,SPATC1L,,RCSD1,
Gene_428,,,,ZNF433-AS1,,DISC1,
Gene_429,,,,FP236383.3,,SSR4,
Gene_430,,,,LPAR5,,SCML4,
Gene_431,,,,ERN1,,COX10-AS1,
Gene_432,,,,IL10RA,,SERP1,
Gene_433,,,,PATJ,,TMEM140,
Gene_434,,,,CDK2AP1,,MX1,
Gene_435,,,,METTL8,,AC022706.1,
Gene_436,,,,RPL36,,C22orf34,
Gene_437,,,,KLF2,,ARHGEF12,
Gene_438,,,,MAML2,,VCL,
Gene_439,,,,PTMA,,MIR181A1HG,
Gene_440,,,,NME1,,P4HA2,
Gene_441,,,,RBM47,,PTMA,
Gene_442,,,,MYO1F,,RFTN1,
Gene_443,,,,SCPEP1,,TPRG1,
Gene_444,,,,TGFBR3,,CAMK1,
Gene_445,,,,JUND,,RHOG,
Gene_446,,,,MED23,,EIF3K,
Gene_447,,,,MBOAT7,,GTDC1,
Gene_448,,,,CD300A,,RPL26,
Gene_449,,,,HLA-C,,SERPINB6,
Gene_450,,,,CCL4,,GIMAP4,
Gene_451,,,,H3F3B,,CORO1A,
Gene_452,,,,TEX30,,WIPF1,
Gene_453,,,,ZNF814,,CLDN5,
Gene_454,,,,HLA-DQB1,,ICAM4,
Gene_455,,,,SMAD5,,EFHD2,
Gene_456,,,,AKAP7,,ADD3,
Gene_457,,,,FHIT,,RPN2,
Gene_458,,,,CLSTN3,,ZNF714,
Gene_459,,,,RDH10,,MXD4,
Gene_460,,,,TMEM173,,UBE2D3,
Gene_461,,,,CYTOR,,MICOS13,
Gene_462,,,,PTPRC,,CD28,
Gene_463,,,,TYMP,,LMBRD1,
Gene_464,,,,MT-ATP6,,CDCA7,
Gene_465,,,,JAK1,,ALOX5AP,
Gene_466,,,,AF165147.1,,NUP98,
Gene_467,,,,LIMA1,,S100A10,
Gene_468,,,,MT1E,,CSF2,
Gene_469,,,,ZBP1,,NEAT1,
Gene_470,,,,TESC,,PARP1,
Gene_471,,,,HOTAIRM1,,MT2A,
Gene_472,,,,IGFLR1,,ETNK1,
Gene_473,,,,EIF1AX,,HNRNPUL1,
Gene_474,,,,CCND3,,COMMD6,
Gene_475,,,,CD63,,APRT,
Gene_476,,,,P2RX4,,UXS1,
Gene_477,,,,SELENOH,,SRPRA,
Gene_478,,,,DUSP1,,CITED2,
Gene_479,,,,SERPINB6,,Z93930.2,
Gene_480,,,,SLC27A5,,,
Gene_481,,,,SAT1,,,
Gene_482,,,,ALOX5AP,,,
Gene_483,,,,OFD1,,,
Gene_484,,,,EIF4A1,,,
Gene_485,,,,GIMAP7,,,
Gene_486,,,,WHAMM,,,
Gene_487,,,,PTPN6,,,
Gene_488,,,,ISCU,,,
Gene_489,,,,PPA1,,,
Gene_490,,,,EIF5A,,,
Gene_491,,,,RNF138,,,
Gene_492,,,,AC137810.1,,,
Gene_493,,,,APOO,,,
Gene_494,,,,HOXB2,,,
Gene_495,,,,GLIPR1,,,
Gene_496,,,,CAST,,,
Gene_497,,,,HSPB1,,,
Gene_498,,,,SELENOK,,,
Gene_499,,,,GPX7,,,
Gene_500,,,,BTG1,,,
Gene_501,,,,IMPDH2,,,
Gene_502,,,,ACTN4,,,
Gene_503,,,,EIF3E,,,
Gene_504,,,,RASGRF2,,,
Gene_505,,,,ZFP36,,,
Gene_506,,,,SAMSN1,,,
Gene_507,,,,TGFBR3L,,,
Gene_508,,,,NACA,,,
Gene_509,,,,CLIC3,,,
Gene_510,,,,KPNA6,,,
Gene_511,,,,KIAA0825,,,
Gene_512,,,,BATF,,,
Gene_513,,,,CREM,,,
Gene_514,,,,TMBIM6,,,
Gene_515,,,,CKAP4,,,
Gene_516,,,,DSTN,,,
Gene_517,,,,PSMB8,,,
Gene_518,,,,,,,
Gene_519,,,,,,,
Gene_520,,,,,,,
Gene_521,,,,,,,
Gene_522,,,,,,,
Gene_523,,,,,,,
Gene_524,,,,,,,
Gene_525,,,,,,,
Gene_526,,,,,,,
Gene_527,,,,,,,
Gene_528,,,,,,,
Gene_529,,,,,,,
Gene_530,,,,,,,
Gene_531,,,,,,,
Gene_532,,,,,,,
Gene_533,,,,,,,
Gene_534,,,,,,,
Gene_535,,,,,,,
Gene_536,,,,,,,
Gene_537,,,,,,,
Gene_538,,,,,,,
Gene_539,,,,,,,
Gene_540,,,,,,,
Gene_541,,,,,,,
Gene_542,,,,,,,
Gene_543,,,,,,,
Gene_544,,,,,,,
Gene_545,,,,,,,
Gene_546,,,,,,,
Gene_547,,,,,,,
Gene_548,,,,,,,
Gene_549,,,,,,,
Gene_550,,,,,,,
Gene_551,,,,,,,
Gene_552,,,,,,,
Gene_553,,,,,,,
Gene_554,,,,,,,
Gene_555,,,,,,,
Gene_556,,,,,,,
Gene_557,,,,,,,
Gene_558,,,,,,,
Gene_559,,,,,,,
Gene_560,,,,,,,
Gene_561,,,,,,,
Gene_562,,,,,,,
Gene_563,,,,,,,
Gene_564,,,,,,,
Gene_565,,,,,,,
Gene_566,,,,,,,
Gene_567,,,,,,,
Gene_568,,,,,,,
Gene_569,,,,,,,
Gene_570,,,,,,,
Gene_571,,,,,,,
Gene_572,,,,,,,
Gene_573,,,,,,,
Gene_574,,,,,,,
Gene_575,,,,,,,
Gene_576,,,,,,,
Gene_577,,,,,,,
Gene_578,,,,,,,
Gene_579,,,,,,,
Gene_580,,,,,,,
Gene_581,,,,,,,
Gene_582,,,,,,,
Gene_583,,,,,,,
Gene_584,,,,,,,
Gene_585,,,,,,,
Gene_586,,,,,,,
Gene_587,,,,,,,
Gene_588,,,,,,,
Gene_589,,,,,,,
Gene_590,,,,,,,
Gene_591,,,,,,,
Gene_592,,,,,,,
Gene_593,,,,,,,
Gene_594,,,,,,,
Gene_595,,,,,,,
Gene_596,,,,,,,
Gene_597,,,,,,,
Gene_598,,,,,,,
Gene_599,,,,,,,
